{
    "Records": [
        {
            "EventSource": "aws:sns",
            "EventVersion": "1.0",
            "EventSubscriptionArn": "arn:aws:sns:us-east-1:111111111111:account-creations:043d80d6-ffd4-4d3d-93af-382a2d1f371c",
            "Sns": {
                "Type": "Notification",
                "MessageId": "<message-id-string>",
                "TopicArn": "arn:aws:sns:us-east-1:111111111111:account-creations",
                "Subject": "Account: TestAccount was created",
                "Message": "{\"RequestType\": \"TESTRequestType\", \"AccountName\": \"TESTAccountName\", \"AccountEmail\": \"TESTAccountEmail\", \"ManagedOrganizationalUnit\": \"TESTManagedOrganizationalUnit\", \"AccountId\": \"111122223333\", \"SSOUserFirstName\": \"TESTSSOUserFirstName\", \"SSOUserLastName\": \"TESTSSOUserLastName\", \"SSOUserEmail\": \"TESTSSOUserEmail\"}",
                "Timestamp": "2020-10-06T20:39:02.120Z",
                "SignatureVersion": "1",
                "Signature": "<signature-string>",
                "SigningCertUrl": "https://sns.us-east-1.amazonaws.com/SimpleNotificationService-<id>.pem",
                "UnsubscribeUrl": "https://sns.us-east-1.amazonaws.com/?Action=Unsubscribe&SubscriptionArn=arn:aws:sns:us-east-1:111111111111:account-creations:<id>",
                "MessageAttributes": {}
            }
        }
    ]
}
